artist,artistid,cat,catid
陈奕迅,2116,华语男歌手,1001
林俊杰,3684,华语男歌手,1001
薛之谦,5781,华语男歌手,1001
队长,1143033,华语男歌手,1001
毛不易,12138269,华语男歌手,1001
许嵩,5771,华语男歌手,1001
李荣浩,4292,华语男歌手,1001
颜人中,31376161,华语男歌手,1001
周杰伦,6452,华语男歌手,1001
h3R3,12631485,华语男歌手,1001
沈以诚,12002248,华语男歌手,1001
张杰,6472,华语男歌手,1001
郭顶,2843,华语男歌手,1001
法老,865007,华语男歌手,1001
盛哲,12395355,华语男歌手,1001
王以太,12236125,华语男歌手,1001
Tizzy T,1204010,华语男歌手,1001
刘大壮,31165848,华语男歌手,1001
要不要买菜,33435854,华语男歌手,1001
张学友,6460,华语男歌手,1001
汪苏泷,5538,华语男歌手,1001
姜云升,1198123,华语男歌手,1001
烟(许佳豪),49937403,华语男歌手,1001
LBI利比,12277194,华语男歌手,1001
KEY.L刘聪,12788674,华语男歌手,1001
余佳运,1079074,华语男歌手,1001
XMASwu(吴骜),31309410,华语男歌手,1001
周深,1030001,华语男歌手,1001
古巨基,2849,华语男歌手,1001
徐秉龙,1197168,华语男歌手,1001
隔壁老樊,12429072,华语男歌手,1001
马思唯,1132392,华语男歌手,1001
艾热 AIR,1203045,华语男歌手,1001
小田音乐社,12852319,华语男歌手,1001
赵雷,6731,华语男歌手,1001
杨和苏KeyNG,13899303,华语男歌手,1001
Jony J,784257,华语男歌手,1001
方大同,2738,华语男歌手,1001
李克勤,3699,华语男歌手,1001
Capper,12193174,华语男歌手,1001
REDBOI,53092750,华语男歌手,1001
阿冗,30116848,华语男歌手,1001
那奇沃夫,12570417,华语男歌手,1001
华晨宇,861777,华语男歌手,1001
Aioz,29235210,华语男歌手,1001
周兴哲,980025,华语男歌手,1001
王巨星,32399227,华语男歌手,1001
满舒克,188141,华语男歌手,1001
暴躁的兔子,32645255,华语男歌手,1001
MoreLearn 27,31002901,华语男歌手,1001
GALI,12127362,华语男歌手,1001
Ice Paper,12121264,华语男歌手,1001
邵帅,29392693,华语男歌手,1001
Starling8,36772893,华语男歌手,1001
FIVESTAR,51613721,华语男歌手,1001
张震岳,6453,华语男歌手,1001
张国荣,6457,华语男歌手,1001
龍猛寺寬度,34500818,华语男歌手,1001
Wiz_H张子豪,13112601,华语男歌手,1001
黄礼格,1019154,华语男歌手,1001
陶喆,5196,华语男歌手,1001
杜宣达,12060040,华语男歌手,1001
王赫野,47091532,华语男歌手,1001
周柏豪,6479,华语男歌手,1001
7copy,32897995,华语男歌手,1001
KnowKnow,27868624,华语男歌手,1001
MC HotDog 热狗,4479,华语男歌手,1001
Franky弗兰奇,12338185,华语男歌手,1001
杨宗纬,6066,华语男歌手,1001
吴炳文Cookie,34357551,华语男歌手,1001
沙一汀EL,31561897,华语男歌手,1001
江辰,12641765,华语男歌手,1001
早安,47192128,华语男歌手,1001
柳爽,1060132,华语男歌手,1001
盛宇D-SHINE,12605500,华语男歌手,1001
王杰,5358,华语男歌手,1001
许巍,5770,华语男歌手,1001
WiFi歪歪,32571955,华语男歌手,1001
Lambert,31668975,华语男歌手,1001
永彬Ryan.B,12448205,华语男歌手,1001
ICE,13145283,华语男歌手,1001
张信哲,6454,华语男歌手,1001
王朝,1039296,华语男歌手,1001
慢热的气球,53340844,华语男歌手,1001
谭咏麟,5205,华语男歌手,1001
GAI周延,1211046,华语男歌手,1001
Lil Jet,12079066,华语男歌手,1001
高旭,33900743,华语男歌手,1001
焦迈奇,12084229,华语男歌手,1001
BT07,12138038,华语男歌手,1001
桃德李Todd Li,12268138,华语男歌手,1001
王力宏,5346,华语男歌手,1001
王嘉尔,1083118,华语男歌手,1001
刘德华,3691,华语男歌手,1001
林达浪,15199791,华语男歌手,1001
Strictlyviolin荀博,49044240,华语男歌手,1001
虎二,12286700,华语男歌手,1001
潘玮柏,4723,华语男歌手,1001
葛东琪,12136078,华语男歌手,1001
郑润泽,29051613,华语男歌手,1001
G.E.M.邓紫棋,7763,华语女歌手,1002
Kirsty刘瑾睿,12499721,华语女歌手,1002
蔡健雅,7214,华语女歌手,1002
王贰浪,14312549,华语女歌手,1002
刘大拿,29588305,华语女歌手,1002
莫文蔚,8926,华语女歌手,1002
yihuik苡慧,36032190,华语女歌手,1002
苏星婕,46966451,华语女歌手,1002
KKECHO,50275485,华语女歌手,1002
任然,9255,华语女歌手,1002
程响,7424,华语女歌手,1002
徐佳莹,9940,华语女歌手,1002
陈粒,1007170,华语女歌手,1002
王菲,9621,华语女歌手,1002
NINEONE#赵馨玥,12276375,华语女歌手,1002
孙燕姿,9272,华语女歌手,1002
刘至佳,1172023,华语女歌手,1002
买辣椒也用券,12085562,华语女歌手,1002
不是花火呀,36181946,华语女歌手,1002
萧亚轩,9945,华语女歌手,1002
叶琼琳,35187624,华语女歌手,1002
黄丽玲,7063,华语女歌手,1002
杨千嬅,10204,华语女歌手,1002
张韶涵,10562,华语女歌手,1002
陈慧娴,7225,华语女歌手,1002
张叶蕾,12213291,华语女歌手,1002
阿梨粤,33230219,华语女歌手,1002
花粥,8103,华语女歌手,1002
郁可唯,10200,华语女歌手,1002
刘若英,8326,华语女歌手,1002
梨冻紧,33259235,华语女歌手,1002
彭席彦,30644200,华语女歌手,1002
傲七爷,13145036,华语女歌手,1002
Vinida (万妮达),12001060,华语女歌手,1002
司南,28863695,华语女歌手,1002
梁咏琪,8329,华语女歌手,1002
陈壹千,12077204,华语女歌手,1002
王心凌,9606,华语女歌手,1002
谢安琪,9952,华语女歌手,1002
张碧晨,1024308,华语女歌手,1002
黄霄雲,14077324,华语女歌手,1002
蔡依林,7219,华语女歌手,1002
梦然,9039,华语女歌手,1002
张芸京,10572,华语女歌手,1002
双笙（陈元汐）,12025552,华语女歌手,1002
范倪Liu,37060073,华语女歌手,1002
林忆莲,8336,华语女歌手,1002
阿YueYue,12227865,华语女歌手,1002
路飞文,12405153,华语女歌手,1002
尹昔眠,12316248,华语女歌手,1002
金玟岐,893259,华语女歌手,1002
王OK(王澳珂),27871957,华语女歌手,1002
银临,188565,华语女歌手,1002
刘瑞琦,840134,华语女歌手,1002
Bell玲惠,37616858,华语女歌手,1002
旺仔小乔,32980337,华语女歌手,1002
蓝心羽,30207301,华语女歌手,1002
高睿,33850806,华语女歌手,1002
一支榴莲,33694141,华语女歌手,1002
杨丞琳,10199,华语女歌手,1002
杨胖雨,31051426,华语女歌手,1002
周星星,12157330,华语女歌手,1002
薇薇,52400403,华语女歌手,1002
梁静茹,8325,华语女歌手,1002
二胖u（王訫）,12923493,华语女歌手,1002
容祖儿,9269,华语女歌手,1002
卫兰,9605,华语女歌手,1002
金海心,8151,华语女歌手,1002
李尧音,12195034,华语女歌手,1002
周笔畅,10558,华语女歌手,1002
AGA,768208,华语女歌手,1002
蒋小呢,37540088,华语女歌手,1002
吴雨霏,9615,华语女歌手,1002
陈婧霏,12789956,华语女歌手,1002
黄龄,7890,华语女歌手,1002
黄诗扶,12308369,华语女歌手,1002
Hanser,1049179,华语女歌手,1002
圈圈菌,48790581,华语女歌手,1002
张惠妹,10559,华语女歌手,1002
刘惜君,8334,华语女歌手,1002
卢卢快闭嘴,35136304,华语女歌手,1002
芝麻Mochi,12195788,华语女歌手,1002
叶斯淳,12149035,华语女歌手,1002
蜡笔小心,1155027,华语女歌手,1002
AY楊佬叁,12258420,华语女歌手,1002
林宝馨,13113858,华语女歌手,1002
阿肆,7122,华语女歌手,1002
张靓颖,10561,华语女歌手,1002
叶蒨文,10209,华语女歌手,1002
袁娅维TIA RAY,10473,华语女歌手,1002
火羊瞌睡了,34522800,华语女歌手,1002
范玮琪,7652,华语女歌手,1002
邓丽君,7570,华语女歌手,1002
何曼婷,8022,华语女歌手,1002
粉太狼,35309151,华语女歌手,1002
粥粥zxr,31136991,华语女歌手,1002
Ecrolyn,12327114,华语女歌手,1002
Bo Peep,30955486,华语女歌手,1002
唐伯虎Annie,1193004,华语女歌手,1002
喵☆酱,12373281,华语女歌手,1002
告五人,12676697,华语组合/乐队,1003
Beyond,11127,华语组合/乐队,1003
宝宝巴士,14714082,华语组合/乐队,1003
群星,122455,华语组合/乐队,1003
房东的猫,1050282,华语组合/乐队,1003
HOYO-MiX,12487174,华语组合/乐队,1003
Higher Brothers,12002201,华语组合/乐队,1003
夏日入侵企画,12383009,华语组合/乐队,1003
棱镜乐队,1085047,华语组合/乐队,1003
五月天,13193,华语组合/乐队,1003
音阙诗听,12174521,华语组合/乐队,1003
Fine乐团,1160085,华语组合/乐队,1003
福禄寿FloruitShow,29393033,华语组合/乐队,1003
伍佰 & China Blue,222871,华语组合/乐队,1003
塞壬唱片-MSR,32540734,华语组合/乐队,1003
逃跑计划,12977,华语组合/乐队,1003
By2,11097,华语组合/乐队,1003
88rising,15022053,华语组合/乐队,1003
南征北战NZBZ,189873,华语组合/乐队,1003
回春丹,27730224,华语组合/乐队,1003
筷子兄弟,12081,华语组合/乐队,1003
国风堂,31862479,华语组合/乐队,1003
F.I.R.,11562,华语组合/乐队,1003
与少年他,35037364,华语组合/乐队,1003
凤凰传奇,11564,华语组合/乐队,1003
痛仰乐队,12971,华语组合/乐队,1003
橘子海 (Orange Ocean),1184074,华语组合/乐队,1003
新裤子,13282,华语组合/乐队,1003
草蜢,11265,华语组合/乐队,1003
青鸟飞鱼,12604,华语组合/乐队,1003
Morerare,1081577,华语组合/乐队,1003
万能青年旅店,13223,华语组合/乐队,1003
珂拉琪,50869322,华语组合/乐队,1003
deca joins,12463331,华语组合/乐队,1003
英雄联盟,1047337,华语组合/乐队,1003
八三夭,11109,华语组合/乐队,1003
恋恋故人难,32041318,华语组合/乐队,1003
镜予歌,31512071,华语组合/乐队,1003
NoLabelCrew,36623116,华语组合/乐队,1003
落日飞车,11074,华语组合/乐队,1003
黑屋乐队,1145042,华语组合/乐队,1003
鹿先森乐队,1195028,华语组合/乐队,1003
安全着陆,12204436,华语组合/乐队,1003
GALA,11679,华语组合/乐队,1003
Round_2,12127507,华语组合/乐队,1003
好妹妹,711683,华语组合/乐队,1003
时代少年团,33806754,华语组合/乐队,1003
TFBOYS,827728,华语组合/乐队,1003
阿里郎,11015,华语组合/乐队,1003
C-BLOCK,11257,华语组合/乐队,1003
Twins,12985,华语组合/乐队,1003
茄子蛋,1039873,华语组合/乐队,1003
马赛克,12328,华语组合/乐队,1003
APEX,35547742,华语组合/乐队,1003
康姆士COM'Z,12090204,华语组合/乐队,1003
不靠谱组合,12296026,华语组合/乐队,1003
昨夜派对（L.N Party）,13104057,华语组合/乐队,1003
Dear Jane,11378,华语组合/乐队,1003
三人行影音工作室,49802607,华语组合/乐队,1003
ONER,29148386,华语组合/乐队,1003
苏打绿,12707,华语组合/乐队,1003
旅行团乐队,12111,华语组合/乐队,1003
海龟先生,11830,华语组合/乐队,1003
伊格赛听,31727575,华语组合/乐队,1003
橙光音乐,12063096,华语组合/乐队,1003
椅子乐团 The Chairs,12029112,华语组合/乐队,1003
直火帮 Straight Fire Gang,12003155,华语组合/乐队,1003
宝楽CNBALLER,12191014,华语组合/乐队,1003
小旭音乐,900347,华语组合/乐队,1003
小河狸贝瓦,14200958,华语组合/乐队,1003
阿吉太组合,12031075,华语组合/乐队,1003
ANU,12074125,华语组合/乐队,1003
EVO MUSIC,46886194,华语组合/乐队,1003
蛙池,32432697,华语组合/乐队,1003
信乐团,13283,华语组合/乐队,1003
INDEcompany,51265187,华语组合/乐队,1003
羽·泉,13418,华语组合/乐队,1003
丢火车,11370,华语组合/乐队,1003
五条人,938017,华语组合/乐队,1003
帆布小镇（Canvas Townlet）,33373308,华语组合/乐队,1003
RAiNBOW计划,1047139,华语组合/乐队,1003
Mr.,12266,华语组合/乐队,1003
Siren,33527748,华语组合/乐队,1003
黑豹乐队,11759,华语组合/乐队,1003
麻园诗人,4556,华语组合/乐队,1003
忘川风华录,27725536,华语组合/乐队,1003
水木年华,12712,华语组合/乐队,1003
DIGI GHETTO,33693423,华语组合/乐队,1003
新乐尘符,12503194,华语组合/乐队,1003
饭碗的彼岸,1138028,华语组合/乐队,1003
Charles,48984359,华语组合/乐队,1003
404 RAPPER,30003804,华语组合/乐队,1003
南拳妈妈,12438,华语组合/乐队,1003
康士坦的变化球,12232080,华语组合/乐队,1003
洛少爷,12060031,华语组合/乐队,1003
岛屿心情,11481,华语组合/乐队,1003
NeonMusic,37337313,华语组合/乐队,1003
盘尼西林,900021,华语组合/乐队,1003
至上励合,13584,华语组合/乐队,1003
RICHNOMADIC,33165901,华语组合/乐队,1003
Justin Bieber,35531,欧美男歌手,2001
Charlie Puth,90331,欧美男歌手,2001
Martin Garrix,780003,欧美男歌手,2001
Alan Walker,1045123,欧美男歌手,2001
XXXTENTACION,12107961,欧美男歌手,2001
Anson Seabra,14470054,欧美男歌手,2001
David Guetta,31211,欧美男歌手,2001
The Weeknd,185858,欧美男歌手,2001
Troye Sivan,45129,欧美男歌手,2001
Ed Sheeran,33184,欧美男歌手,2001
JVKE,32988392,欧美男歌手,2001
Shawn Mendes,956238,欧美男歌手,2001
Eminem,32665,欧美男歌手,2001
The Kid LAROI,32795025,欧美男歌手,2001
Lulleaux,1115185,欧美男歌手,2001
Jamie Scott,141813,欧美男歌手,2001
keshi,12544511,欧美男歌手,2001
Drake,53283,欧美男歌手,2001
Calvin Harris,29968,欧美男歌手,2001
Professor Green,41561,欧美男歌手,2001
Lauv,1057226,欧美男歌手,2001
Bruno Mars,178059,欧美男歌手,2001
Adam Christopher,13157086,欧美男歌手,2001
Rich Brian,12024301,欧美男歌手,2001
D Smoke,33516005,欧美男歌手,2001
Avicii,45236,欧美男歌手,2001
Giveon,32396647,欧美男歌手,2001
Dylan Matthew,28684353,欧美男歌手,2001
Post Malone,1057092,欧美男歌手,2001
Chris James,145038,欧美男歌手,2001
Tyga,45033,欧美男歌手,2001
Lil Nas X,31646483,欧美男歌手,2001
ILLENIUM,1050518,欧美男歌手,2001
R3HAB,197248,欧美男歌手,2001
lil sophy,12335367,欧美男歌手,2001
HARIKIRI,12200029,欧美男歌手,2001
Hayd,31213402,欧美男歌手,2001
iann dior,31532704,欧美男歌手,2001
Jake Miller,776761,欧美男歌手,2001
Wiz Khalifa,46006,欧美男歌手,2001
24kGoldn,31081554,欧美男歌手,2001
Conor Maynard,29020,欧美男歌手,2001
Khalid,301757,欧美男歌手,2001
Sam Smith,740216,欧美男歌手,2001
Russ,241588,欧美男歌手,2001
dhruv,32470128,欧美男歌手,2001
Ludacris,38165,欧美男歌手,2001
Marshmello,1060019,欧美男歌手,2001
KASTRA,1105094,欧美男歌手,2001
Reynard Silva,42608,欧美男歌手,2001
Joji,12203295,欧美男歌手,2001
Kanye West,37520,欧美男歌手,2001
Sufjan Stevens,42955,欧美男歌手,2001
Lazer Boomerang,13976294,欧美男歌手,2001
bbno$,12054171,欧美男歌手,2001
Justin Timberlake,35331,欧美男歌手,2001
Demxntia,12598596,欧美男歌手,2001
Kendrick Lamar,37995,欧美男歌手,2001
Kina,12826481,欧美男歌手,2001
Slushii,1193232,欧美男歌手,2001
Travis Scott,737012,欧美男歌手,2001
Max Oazo,13159084,欧美男歌手,2001
Daniel Powter,31187,欧美男歌手,2001
Chris Brown,29960,欧美男歌手,2001
Alec Benjamin,1028104,欧美男歌手,2001
Zedd,46376,欧美男歌手,2001
A$AP Ferg,750038,欧美男歌手,2001
Jeremy Zucker,12096183,欧美男歌手,2001
Lil Tjay,28391620,欧美男歌手,2001
sapientdream,13011210,欧美男歌手,2001
Samuel Kim,30875934,欧美男歌手,2001
FrogMonster,30549371,欧美男歌手,2001
Digital Farm Animals,840929,欧美男歌手,2001
Young Thug,287014,欧美男歌手,2001
JID,12232106,欧美男歌手,2001
Madnap,896042,欧美男歌手,2001
Lil Baby,12505561,欧美男歌手,2001
Future,33794,欧美男歌手,2001
Ollie,12348332,欧美男歌手,2001
BoyWithUke,46848969,欧美男歌手,2001
Ilkay Sencan,12523484,欧美男歌手,2001
Alexander 23,31659734,欧美男歌手,2001
Akon,27595,欧美男歌手,2001
Kordhell,47051768,欧美男歌手,2001
convolk,12248077,欧美男歌手,2001
Lil Wayne,38118,欧美男歌手,2001
Dxrk ダーク,47134797,欧美男歌手,2001
Michael Jackson,38853,欧美男歌手,2001
Luh Kel,31508096,欧美男歌手,2001
Juliander,12647253,欧美男歌手,2001
3LAU,762511,欧美男歌手,2001
Richard Clayderman,41937,欧美男歌手,2001
Snoop Dogg,42939,欧美男歌手,2001
Powfu,28900371,欧美男歌手,2001
Isac Elliot,772147,欧美男歌手,2001
Jaymes Young,820322,欧美男歌手,2001
Juice WRLD,13581233,欧美男歌手,2001
Daniel Caesar,1021293,欧美男歌手,2001
Lost Frequencies,1039114,欧美男歌手,2001
Hans Zimmer,34517,欧美男歌手,2001
Taylor Swift,44266,欧美女歌手,2002
Sia,74625,欧美女歌手,2002
Rihanna,72724,欧美女歌手,2002
Sasha Alex Sloan,12646102,欧美女歌手,2002
Billie Eilish,11972054,欧美女歌手,2002
Lana Del Rey,66212,欧美女歌手,2002
Doja Cat,911131,欧美女歌手,2002
Ariana Grande,48161,欧美女歌手,2002
Romy Dya,12900365,欧美女歌手,2002
Kid Princess,34704316,欧美女歌手,2002
MADILYN,69270,欧美女歌手,2002
Kelly Clarkson,62885,欧美女歌手,2002
Halsey,964321,欧美女歌手,2002
Nicki Minaj,70183,欧美女歌手,2002
Lady Gaga,64147,欧美女歌手,2002
AURORA,1043338,欧美女歌手,2002
Selena Gomez,140196,欧美女歌手,2002
TYSM,12278200,欧美女歌手,2002
Ellie Goulding,56598,欧美女歌手,2002
Tinashe,45221,欧美女歌手,2002
Adele,46487,欧美女歌手,2002
Dua Lipa,1135086,欧美女歌手,2002
Hallie Coggins,37531921,欧美女歌手,2002
Rosa Walton,28096830,欧美女歌手,2002
Carly Rae Jepsen,50934,欧美女歌手,2002
Alessia Cara,1074089,欧美女歌手,2002
Nevve,12567101,欧美女歌手,2002
Rachel Platten,74518,欧美女歌手,2002
Camden Cox,13226292,欧美女歌手,2002
Camila Cabello,12136039,欧美女歌手,2002
Ivoris,29403986,欧美女歌手,2002
Em Beihold,34847518,欧美女歌手,2002
NIKI,473353,欧美女歌手,2002
Kaleena Zanders,13368664,欧美女歌手,2002
Kesha,63901,欧美女歌手,2002
Noah Cyrus,12175271,欧美女歌手,2002
SZA,905232,欧美女歌手,2002
Cozi Zuehlsdorff,1097153,欧美女歌手,2002
Pauline Herr,13080654,欧美女歌手,2002
Lindsey Stirling,66225,欧美女歌手,2002
Bea Miller,908180,欧美女歌手,2002
Bebe Rexha,336466,欧美女歌手,2002
P!nk,70821,欧美女歌手,2002
Claire Ridgely,14935781,欧美女歌手,2002
Claire Rosinkranz,33429423,欧美女歌手,2002
Avril Lavigne,46490,欧美女歌手,2002
Moonessa,29834706,欧美女歌手,2002
Kate Bush,62898,欧美女歌手,2002
Lenka,64143,欧美女歌手,2002
AViVA,12074178,欧美女歌手,2002
Carly Paige,13499385,欧美女歌手,2002
Shiloh Dynasty,12647577,欧美女歌手,2002
Meg Myers,388484,欧美女歌手,2002
Ava Max,14486166,欧美女歌手,2002
Iselin Solheim,1078390,欧美女歌手,2002
Pearl,147116,欧美女歌手,2002
Beyoncé,48436,欧美女歌手,2002
Kiana Ledé,12408203,欧美女歌手,2002
Gracie Abrams,33515545,欧美女歌手,2002
Mariah Carey,66355,欧美女歌手,2002
Adriana Proenza,29824789,欧美女歌手,2002
Jess Glynne,904046,欧美女歌手,2002
Phoebe Ryan,854363,欧美女歌手,2002
Christina Perri,52979,欧美女歌手,2002
Cardi B,12504253,欧美女歌手,2002
Zara Larsson,816461,欧美女歌手,2002
Britney Spears,48432,欧美女歌手,2002
Zella Day,900106,欧美女歌手,2002
Katy Perry,62888,欧美女歌手,2002
Fleurie,860929,欧美女歌手,2002
Megan Thee Stallion,14233498,欧美女歌手,2002
Zoe Wees,33000875,欧美女歌手,2002
salem ilese,35501211,欧美女歌手,2002
Jada Facer,1047221,欧美女歌手,2002
汉堡黄,12276200,欧美女歌手,2002
RAYE,1077053,欧美女歌手,2002
BENEE,32539905,欧美女歌手,2002
Colbie Caillat,50890,欧美女歌手,2002
Charli XCX,53092,欧美女歌手,2002
Delacey,489045,欧美女歌手,2002
Alicia Keys,46489,欧美女歌手,2002
Cécile Corbel,51012,欧美女歌手,2002
SHY Martin,12354062,欧美女歌手,2002
IVIE,12154348,欧美女歌手,2002
Beth,50791,欧美女歌手,2002
Clairo,12191215,欧美女歌手,2002
Jessie J,62662,欧美女歌手,2002
Skylar Grey,74801,欧美女歌手,2002
Jex,12007273,欧美女歌手,2002
Amber Leigh Irish,30216061,欧美女歌手,2002
Monogem,1078007,欧美女歌手,2002
Stephanie Poetri,32624368,欧美女歌手,2002
Carey Mulligan,27947531,欧美女歌手,2002
Laura Brehm,207693,欧美女歌手,2002
Mina Okabe,37316082,欧美女歌手,2002
Céline Dion,50893,欧美女歌手,2002
vietra,12468266,欧美女歌手,2002
Saweetie,12977519,欧美女歌手,2002
INNA,60848,欧美女歌手,2002
Luna LePage,36919245,欧美女歌手,2002
Imagine Dragons,94779,欧美组合/乐队,2003
The Chainsmokers,893484,欧美组合/乐队,2003
Vicetone,747030,欧美组合/乐队,2003
Maroon 5,96266,欧美组合/乐队,2003
Walk off the Earth,105493,欧美组合/乐队,2003
Coldplay,89365,欧美组合/乐队,2003
Hillsong Young & Free,835002,欧美组合/乐队,2003
OneRepublic,98105,欧美组合/乐队,2003
SLANDER,1137239,欧美组合/乐队,2003
Various Artists,104700,欧美组合/乐队,2003
Just Kiddin,688618,欧美组合/乐队,2003
Max Elto,905517,欧美组合/乐队,2003
英语听力,861973,欧美组合/乐队,2003
Fall Out Boy,56782,欧美组合/乐队,2003
Westlife,45839,欧美组合/乐队,2003
Boyce Avenue,29709,欧美组合/乐队,2003
Dropgun,972015,欧美组合/乐队,2003
Breathe Carolina,88214,欧美组合/乐队,2003
Linkin Park,95439,欧美组合/乐队,2003
AJR,88089,欧美组合/乐队,2003
Ember Island,1100001,欧美组合/乐队,2003
Two Steps From Hell,102714,欧美组合/乐队,2003
Clean Bandit,754010,欧美组合/乐队,2003
Anthem Lights,86862,欧美组合/乐队,2003
Broiler,886022,欧美组合/乐队,2003
Owl City,40859,欧美组合/乐队,2003
Queen,41906,欧美组合/乐队,2003
LANY,999460,欧美组合/乐队,2003
The Score,212904,欧美组合/乐队,2003
Bon Iver,29337,欧美组合/乐队,2003
One Direction,98351,欧美组合/乐队,2003
Wild Cards,12218142,欧美组合/乐队,2003
Tungevaag & Raaban,1090022,欧美组合/乐队,2003
Hawk Nelson,34518,欧美组合/乐队,2003
Glass Animals,847346,欧美组合/乐队,2003
Hedley,93826,欧美组合/乐队,2003
Cash Cash,50905,欧美组合/乐队,2003
Loud Luxury,12096064,欧美组合/乐队,2003
Arcane,50428486,欧美组合/乐队,2003
Why Don't We,12468277,欧美组合/乐队,2003
Oh Wonder,1050128,欧美组合/乐队,2003
Little Mix,96072,欧美组合/乐队,2003
Rauf & Faik,28276929,欧美组合/乐队,2003
Worry Free Studios,46503501,欧美组合/乐队,2003
BEAUZ,12131436,欧美组合/乐队,2003
Raven & Kreyn,12355744,欧美组合/乐队,2003
Against the Current,783418,欧美组合/乐队,2003
Fly By Midnight,1163027,欧美组合/乐队,2003
RudeLies,12416051,欧美组合/乐队,2003
Mako,68192,欧美组合/乐队,2003
5 Seconds of Summer,893624,欧美组合/乐队,2003
Cheat Codes,1078252,欧美组合/乐队,2003
Måneskin,12894044,欧美组合/乐队,2003
Carpenters,89363,欧美组合/乐队,2003
Deep Side,55350,欧美组合/乐队,2003
Mono Inc.,68872,欧美组合/乐队,2003
Echosmith,794129,欧美组合/乐队,2003
Interupt,33917936,欧美组合/乐队,2003
twocolors,14177760,欧美组合/乐队,2003
The Tech Thieves,12080267,欧美组合/乐队,2003
Marian Hill,893433,欧美组合/乐队,2003
Daft Punk,90513,欧美组合/乐队,2003
The Script,102028,欧美组合/乐队,2003
Rentz,12628381,欧美组合/乐队,2003
Lukas Graham,38797,欧美组合/乐队,2003
Oh The Larceny,12333048,欧美组合/乐队,2003
Matisse & Sadko,947054,欧美组合/乐队,2003
Groove Coverage,93186,欧美组合/乐队,2003
11:11 Music Group,48100464,欧美组合/乐队,2003
Valley,83684,欧美组合/乐队,2003
sakehands,29627842,欧美组合/乐队,2003
Nightwish,97516,欧美组合/乐队,2003
Audiomachine,87066,欧美组合/乐队,2003
Migos,776824,欧美组合/乐队,2003
Backstreet Boys,88148,欧美组合/乐队,2003
Black Eyed Peas,88146,欧美组合/乐队,2003
The Marías,12893077,欧美组合/乐队,2003
Passenger,70840,欧美组合/乐队,2003
HVOB,688969,欧美组合/乐队,2003
BeatBrothers,28053402,欧美组合/乐队,2003
Wild Culture,787041,欧美组合/乐队,2003
Eagles,91725,欧美组合/乐队,2003
Fiji Blue,32648365,欧美组合/乐队,2003
The Glitch Mob,102954,欧美组合/乐队,2003
Cigarettes After Sex,12023319,欧美组合/乐队,2003
Creamy,89809,欧美组合/乐队,2003
Why Mona,15008055,欧美组合/乐队,2003
BROWN RECORD,52509843,欧美组合/乐队,2003
Daisy the Great,32736783,欧美组合/乐队,2003
Bandari,50149829,欧美组合/乐队,2003
The Word Alive,213073,欧美组合/乐队,2003
Transviolet,1122080,欧美组合/乐队,2003
Fifth Harmony,794152,欧美组合/乐队,2003
Fool's Garden,92442,欧美组合/乐队,2003
Music Travel Love,207962,欧美组合/乐队,2003
Blue,88145,欧美组合/乐队,2003
DubVision,357950,欧美组合/乐队,2003
Cat & Calmell,36998705,欧美组合/乐队,2003
Bahari,1044218,欧美组合/乐队,2003
Approaching Nirvana,86884,欧美组合/乐队,2003
米津玄師,159300,日本男歌手,6001
坂本龍一,15289,日本男歌手,6001
久石譲,14408,日本男歌手,6001
澤野弘之,15290,日本男歌手,6001
imase,50901152,日本男歌手,6001
Vaundy,34343313,日本男歌手,6001
藤井風,33760539,日本男歌手,6001
TK from 凛として時雨,159644,日本男歌手,6001
平井 大,14270,日本男歌手,6001
DECO*27,14001,日本男歌手,6001
小瀬村晶,13773,日本男歌手,6001
Eve,1075075,日本男歌手,6001
ギガP,804355,日本男歌手,6001
高梨康治,15639,日本男歌手,6001
和田光司,15800,日本男歌手,6001
神山羊,12323265,日本男歌手,6001
鏡音レン,190527,日本男歌手,6001
ピノキオピー,15229,日本男歌手,6001
菅田将暉,12334348,日本男歌手,6001
横山克,15917,日本男歌手,6001
牛尾憲輔,18392,日本男歌手,6001
DJ Okawari,13950,日本男歌手,6001
m-taku,14825,日本男歌手,6001
sasakure.UK,15396,日本男歌手,6001
宗次郎,14960,日本男歌手,6001
星野源,14242,日本男歌手,6001
川井憲次,14437,日本男歌手,6001
和田薫,15824,日本男歌手,6001
hideyuki hashimoto,14305,日本男歌手,6001
mpi,12475614,日本男歌手,6001
菅野祐悟,14472,日本男歌手,6001
Nujabes,162138,日本男歌手,6001
Ayase,35135807,日本男歌手,6001
TAIGA,36135315,日本男歌手,6001
折戸伸治,15102,日本男歌手,6001
まふまふ,896913,日本男歌手,6001
wotaku,34758827,日本男歌手,6001
Foxtail-Grass Studio,19481,日本男歌手,6001
春野,30074584,日本男歌手,6001
矢野立美,15948,日本男歌手,6001
山岡晃,15871,日本男歌手,6001
kanaria,46326089,日本男歌手,6001
re:plus,21182,日本男歌手,6001
Yunomi,1025016,日本男歌手,6001
Sou,1193225,日本男歌手,6001
玉置浩二,15558,日本男歌手,6001
和ぬか,46859818,日本男歌手,6001
キタニタツヤ,15250026,日本男歌手,6001
市川淳,14382,日本男歌手,6001
たかやん,29896617,日本男歌手,6001
MARETU,12011147,日本男歌手,6001
増田俊郎,14762,日本男歌手,6001
祖堅正慶,824090,日本男歌手,6001
Yosh,12531093,日本男歌手,6001
wowaka,15823,日本男歌手,6001
鷺巣詩郎,15300,日本男歌手,6001
宮本浩次,159878,日本男歌手,6001
宮崎歩,829001,日本男歌手,6001
向井太一,12192084,日本男歌手,6001
Iwamizu,12062065,日本男歌手,6001
Neru,546614,日本男歌手,6001
きくお,14640,日本男歌手,6001
Orangestar,1072042,日本男歌手,6001
はるまきごはん,12175308,日本男歌手,6001
吐息,46609676,日本男歌手,6001
大野克夫,15105,日本男歌手,6001
黒うさP,14610,日本男歌手,6001
かいりきベア,14670,日本男歌手,6001
羽生まゐご,12741288,日本男歌手,6001
稲葉曇,13226756,日本男歌手,6001
4円,782024,日本男歌手,6001
吉森信,15855,日本男歌手,6001
INTO1米卡,31062880,日本男歌手,6001
Shing02,15389,日本男歌手,6001
ハセガワダイスケ,1025284,日本男歌手,6001
徳永英明,13961,日本男歌手,6001
MIYAVI,14732,日本男歌手,6001
miu-clips,17088,日本男歌手,6001
KAITO,12095248,日本男歌手,6001
松田光由,14823,日本男歌手,6001
いすぼくろ,12006116,日本男歌手,6001
秦基博,14153,日本男歌手,6001
神前暁,14629,日本男歌手,6001
ナユタン星人,12263373,日本男歌手,6001
ToniChen,35066382,日本男歌手,6001
れるりり,15690,日本男歌手,6001
yutaka hirasaka,15927,日本男歌手,6001
すりぃ,15248022,日本男歌手,6001
西原健一郎,14527,日本男歌手,6001
削除,12073277,日本男歌手,6001
麻枝准,14782,日本男歌手,6001
岩崎琢,14056,日本男歌手,6001
Mabanua,14748,日本男歌手,6001
佐橋俊彦,15291,日本男歌手,6001
光宗信吉,14775,日本男歌手,6001
優里,36723470,日本男歌手,6001
出羽良彰,855541,日本男歌手,6001
しゃろう,46832974,日本男歌手,6001
john,35429589,日本男歌手,6001
ぼくのりりっくのぼうよみ,1193435,日本男歌手,6001
初音ミク,159692,日本女歌手,6002
Aimer,16152,日本女歌手,6002
宇多田ヒカル,18122,日本女歌手,6002
Daoko,855508,日本女歌手,6002
Reol,13059968,日本女歌手,6002
GUMI,188274,日本女歌手,6002
鏡音リン,160154,日本女歌手,6002
中島美嘉,160729,日本女歌手,6002
LiSA,16995,日本女歌手,6002
yama,35796201,日本女歌手,6002
鎖那,1002089,日本女歌手,6002
小林未郁,16823,日本女歌手,6002
花澤香菜,16456,日本女歌手,6002
早見沙織,16501,日本女歌手,6002
茅野愛衣,16906,日本女歌手,6002
ロクデナシ,48682307,日本女歌手,6002
『ユイカ』,48668915,日本女歌手,6002
mizuki (瑞葵),981205,日本女歌手,6002
當山みれい,954456,日本女歌手,6002
v flower,1002040,日本女歌手,6002
戸松遥,17905,日本女歌手,6002
梶浦由記,16692,日本女歌手,6002
鹿乃,17014,日本女歌手,6002
KOKIA,16686,日本女歌手,6002
R!N/Gemie,12531080,日本女歌手,6002
milet,31464106,日本女歌手,6002
りりあ。,37457784,日本女歌手,6002
Ado,37231059,日本女歌手,6002
majiko,191316,日本女歌手,6002
さユり,1116297,日本女歌手,6002
可不,47893107,日本女歌手,6002
浜崎あゆみ,16405,日本女歌手,6002
Tielle,12629228,日本女歌手,6002
広橋真紀子,16424,日本女歌手,6002
小野リサ,17479,日本女歌手,6002
高橋洋子,17909,日本女歌手,6002
水瀬いのり,1004106,日本女歌手,6002
やなぎなぎ,18303,日本女歌手,6002
美波,30616560,日本女歌手,6002
椎名林檎,17635,日本女歌手,6002
Lefty Hand Cream,13158142,日本女歌手,6002
花譜,32062601,日本女歌手,6002
ちゃんみな,12301304,日本女歌手,6002
茶太,17601,日本女歌手,6002
Uru,12062125,日本女歌手,6002
ぺぽよ,50767975,日本女歌手,6002
青山テルマ,16017,日本女歌手,6002
十明,54169132,日本女歌手,6002
あいみょん,1053279,日本女歌手,6002
幾田りら,35488854,日本女歌手,6002
ReoNa,14057051,日本女歌手,6002
手嶌葵,17904,日本女歌手,6002
花たん,16523,日本女歌手,6002
巡音ルカ,190523,日本女歌手,6002
Laco,32469869,日本女歌手,6002
natsumi,47930626,日本女歌手,6002
つじあやの,17637,日本女歌手,6002
東山奈央,18012,日本女歌手,6002
鈴木このみ,17881,日本女歌手,6002
磯村由紀子,16658,日本女歌手,6002
木村弓,16874,日本女歌手,6002
森永真由美,17227,日本女歌手,6002
Lyn,12262949,日本女歌手,6002
日向文,12467180,日本女歌手,6002
ロス,50231627,日本女歌手,6002
歌愛ユキ,201393,日本女歌手,6002
あよ,29500370,日本女歌手,6002
96猫,18345,日本女歌手,6002
nicamoq,12605718,日本女歌手,6002
中森明菜,17312,日本女歌手,6002
三浦透子,32664726,日本女歌手,6002
雨宮天,932027,日本女歌手,6002
IA,190861,日本女歌手,6002
TRUE,896286,日本女歌手,6002
Lia,16993,日本女歌手,6002
水樹奈々,17028,日本女歌手,6002
SHIKI,49916772,日本女歌手,6002
May'n,17025,日本女歌手,6002
缶缶,47974042,日本女歌手,6002
みゆな,30110388,日本女歌手,6002
KOTOKO,16691,日本女歌手,6002
MFS,50415000,日本女歌手,6002
高橋李依,1120106,日本女歌手,6002
久保ユリカ,900294,日本女歌手,6002
YUI,18168,日本女歌手,6002
ナナヲアカリ,28083218,日本女歌手,6002
阿南亮子,16069,日本女歌手,6002
森永千才,12202240,日本女歌手,6002
菅野よう子,16689,日本女歌手,6002
中島みゆき,17307,日本女歌手,6002
別野加奈,12073848,日本女歌手,6002
藍井エイル,16151,日本女歌手,6002
nameless,1150207,日本女歌手,6002
竹内まりや,17916,日本女歌手,6002
nayuta,17401,日本女歌手,6002
麗美,17622,日本女歌手,6002
ラブリーサマーちゃん,1120193,日本女歌手,6002
倖田來未,161865,日本女歌手,6002
miwa,17120,日本女歌手,6002
橋本由香利,16545,日本女歌手,6002
YOASOBI,33927412,日本组合/乐队,6003
RADWIMPS,21132,日本组合/乐队,6003
ヨルシカ,12390232,日本组合/乐队,6003
SawanoHiroyuki[nZk],1096011,日本组合/乐队,6003
V.A.,21138,日本组合/乐队,6003
ずっと真夜中でいいのに。,15021101,日本组合/乐队,6003
日语听力,865134,日本组合/乐队,6003
MONKEY MAJIK,20453,日本组合/乐队,6003
EGOIST,19353,日本组合/乐队,6003
ONE OK ROCK,20878,日本组合/乐队,6003
Mili,339594,日本组合/乐队,6003
She Her Her Hers,159504,日本组合/乐队,6003
MYTH & ROID,1137126,日本组合/乐队,6003
いきものがかり,19270,日本组合/乐队,6003
King Gnu,12551173,日本组合/乐队,6003
ラムジ,21196,日本组合/乐队,6003
Key Sounds Label,20050,日本组合/乐队,6003
fripSide,19395,日本组合/乐队,6003
あたらよ,37687426,日本组合/乐队,6003
Goose house,19618,日本组合/乐队,6003
ハンバート ハンバート,19678,日本组合/乐队,6003
贵族乐团,958026,日本组合/乐队,6003
GARNiDELiA,19605,日本组合/乐队,6003
S.E.N.S.,21309,日本组合/乐队,6003
ClariS,18961,日本组合/乐队,6003
上海アリス幻樂団,15345,日本组合/乐队,6003
Music therapy,896513,日本组合/乐队,6003
MAISONdes,47431003,日本组合/乐队,6003
supercell,21397,日本组合/乐队,6003
RAM WIRE,21162,日本组合/乐队,6003
MY FIRST STORY,20689,日本组合/乐队,6003
ゴンチチ,20041,日本组合/乐队,6003
m.o.v.e,20466,日本组合/乐队,6003
Yoohsic Roomz,1007211,日本组合/乐队,6003
サカナクション,21377,日本组合/乐队,6003
SPYAIR,21503,日本组合/乐队,6003
マキシマムザホルモン,20464,日本组合/乐队,6003
I Don't Like Mondays.,1017071,日本组合/乐队,6003
H△G,996276,日本组合/乐队,6003
25時、ナイトコードで。,48153027,日本组合/乐队,6003
Sekai no Owari,21463,日本组合/乐队,6003
BUMP OF CHICKEN,18705,日本组合/乐队,6003
ワルキューレ,161017,日本组合/乐队,6003
Kalafina,20032,日本组合/乐队,6003
結束バンド,54103171,日本组合/乐队,6003
evening cinema,12440166,日本组合/乐队,6003
Da-iCE,784192,日本组合/乐队,6003
cinnamons,12603665,日本组合/乐队,6003
CHiCO with HoneyWorks,1049332,日本组合/乐队,6003
moumoon,20463,日本组合/乐队,6003
WANDS,22299,日本组合/乐队,6003
Mrs. GREEN APPLE,1087614,日本组合/乐队,6003
cadode,31099399,日本组合/乐队,6003
ヒトリエ,784134,日本组合/乐队,6003
Akiyama Mio,50577034,日本组合/乐队,6003
HoneyWorks,19859,日本组合/乐队,6003
ALL BGM CHANNEL,47041087,日本组合/乐队,6003
放課後ティータイム,161782,日本组合/乐队,6003
神聖かまってちゃん,21462,日本组合/乐队,6003
doa,19124,日本组合/乐队,6003
NEEDY GIRL OVERDOSE,47734911,日本组合/乐队,6003
EmoCosine,30616326,日本组合/乐队,6003
湘南乃風,21325,日本组合/乐队,6003
ボイジャー,19873,日本组合/乐队,6003
amazarashi,18480,日本组合/乐队,6003
seven oops,22540,日本组合/乐队,6003
GENERATIONS from EXILE TRIBE,711243,日本组合/乐队,6003
DUSTCELL,35239370,日本组合/乐队,6003
THE RAMPAGE from EXILE TRIBE,12279018,日本组合/乐队,6003
REOL,12143052,日本组合/乐队,6003
Luxiem,50838260,日本组合/乐队,6003
FictionJunction,19391,日本组合/乐队,6003
Liella!,46576382,日本组合/乐队,6003
BAAD,18711,日本组合/乐队,6003
μ's,747064,日本组合/乐队,6003
FLOW,19393,日本组合/乐队,6003
女王蜂,22492,日本组合/乐队,6003
back number,18771,日本组合/乐队,6003
嵐,20292,日本组合/乐队,6003
OxT,1080016,日本组合/乐队,6003
ミドリーズ,50083561,日本组合/乐队,6003
Creepy Nuts,12279198,日本组合/乐队,6003
Della,19205,日本组合/乐队,6003
Official髭男dism,1064050,日本组合/乐队,6003
DEPAPEPE,19107,日本组合/乐队,6003
Cö shu Nie,12136070,日本组合/乐队,6003
ツユ,34505358,日本组合/乐队,6003
The fin.,942028,日本组合/乐队,6003
Falcom Sound Team J.D.K.,19455,日本组合/乐队,6003
東京事変,21821,日本组合/乐队,6003
ヘクとパスカル,990035,日本组合/乐队,6003
whiteeeen,1051003,日本组合/乐队,6003
The Nature Sounds Society Japan,22095,日本组合/乐队,6003
Sound Horizon,21306,日本组合/乐队,6003
Flower,19446,日本组合/乐队,6003
*Luna,12323325,日本组合/乐队,6003
ALI,33092800,日本组合/乐队,6003
スピッツ,21308,日本组合/乐队,6003
ステレオポニー,21314,日本组合/乐队,6003
いろのみ,19299,日本组合/乐队,6003
朴宰范,124542,韩国男歌手,7001
G-DRAGON,123577,韩国男歌手,7001
高宇Slient,12172312,韩国男歌手,7001
TAEYANG,124831,韩国男歌手,7001
July,123825,韩国男歌手,7001
SHAUN,1150188,韩国男歌手,7001
Dept,12403052,韩国男歌手,7001
Jung Kook,1075078,韩国男歌手,7001
DPR IAN,37165850,韩国男歌手,7001
李承铉,238533,韩国男歌手,7001
pH-1,12202125,韩国男歌手,7001
Yiruma,124097,韩国男歌手,7001
dori,51455310,韩国男歌手,7001
PSY,124492,韩国男歌手,7001
全仁权,124573,韩国男歌手,7001
BAEKHYUN,1047070,韩国男歌手,7001
Aiobahn,1137416,韩国男歌手,7001
October,124470,韩国男歌手,7001
辉星,123641,韩国男歌手,7001
俊昊,190319,韩国男歌手,7001
CHANYEOL,1011017,韩国男歌手,7001
V,1088125,韩国男歌手,7001
Slom,12475024,韩国男歌手,7001
景衍Flowsik,34291204,韩国男歌手,7001
马常九日,33574133,韩国男歌手,7001
圭贤,123592,韩国男歌手,7001
Subai,48153471,韩国男歌手,7001
泰民,762060,韩国男歌手,7001
Mario,124316,韩国男歌手,7001
CIKI,27889470,韩国男歌手,7001
Turbotronic,124853,韩国男歌手,7001
Verbal Jint,124925,韩国男歌手,7001
Zico,160347,韩国男歌手,7001
WILLOW,12467233,韩国男歌手,7001
宋旻浩,985011,韩国男歌手,7001
Why,1081889,韩国男歌手,7001
단비,124739,韩国男歌手,7001
BLOO,12062169,韩国男歌手,7001
D.O.,1019321,韩国男歌手,7001
DEAN,1124004,韩国男歌手,7001
郑镒勋,1046469,韩国男歌手,7001
SUGA,1088131,韩国男歌手,7001
Gary,869001,韩国男歌手,7001
BE'O,33923567,韩国男歌手,7001
The One,124845,韩国男歌手,7001
胜利,124745,韩国男歌手,7001
J_ust,1108042,韩国男歌手,7001
Youngso Kim,31872922,韩国男歌手,7001
龙俊亨,196774,韩国男歌手,7001
Jami Soul,123813,韩国男歌手,7001
DPR LIVE,12121368,韩国男歌手,7001
nafla,1182660,韩国男歌手,7001
权正烈,1053028,韩国男歌手,7001
赵权,125105,韩国男歌手,7001
柳善皓,12630042,韩国男歌手,7001
BRLLNT,12098055,韩国男歌手,7001
Chawoo,11997027,韩国男歌手,7001
eaJ,34433053,韩国男歌手,7001
Achex,34589521,韩国男歌手,7001
RM,1044137,韩国男歌手,7001
KCM,124026,韩国男歌手,7001
Tiger JK,126600,韩国男歌手,7001
金日辉,12317476,韩国男歌手,7001
Giriboy,719006,韩国男歌手,7001
MELOH,32194970,韩国男歌手,7001
Gist,32015193,韩国男歌手,7001
Crush,711186,韩国男歌手,7001
吴赫,1054133,韩国男歌手,7001
Jin,1165036,韩国男歌手,7001
강아지 음악,12474644,韩国男歌手,7001
Agust D,36026462,韩国男歌手,7001
j-hope,1088128,韩国男歌手,7001
黄致列,1087387,韩国男歌手,7001
李维特特特,12085215,韩国男歌手,7001
B.I,301286,韩国男歌手,7001
Simon Dominic,124684,韩国男歌手,7001
제이형,12487075,韩国男歌手,7001
oceanfromtheblue,13497482,韩国男歌手,7001
포레스트 사운드,12475080,韩国男歌手,7001
Epiik,13582287,韩国男歌手,7001
비지 (Bizzy),193266,韩国男歌手,7001
CHEN,967037,韩国男歌手,7001
Wonstein,13710587,韩国男歌手,7001
Sweet The Kid,34160689,韩国男歌手,7001
Loco,124303,韩国男歌手,7001
郭泰勋,1050538,韩国男歌手,7001
Bumkey,774157,韩国男歌手,7001
泰容,1019752,韩国男歌手,7001
HyuN,31473473,韩国男歌手,7001
SAM KIM,905428,韩国男歌手,7001
Rain,124593,韩国男歌手,7001
Nishney,49815626,韩国男歌手,7001
Jimin,1075080,韩国男歌手,7001
YANGYANG(刘扬扬),34379812,韩国男歌手,7001
Seo actor,12369142,韩国男歌手,7001
朴孝信,124482,韩国男歌手,7001
Keith Ape,1120063,韩国男歌手,7001
initio,48779295,韩国男歌手,7001
longfacedontrockk,33781472,韩国男歌手,7001
曹英沃,123318,韩国男歌手,7001
IU,160947,韩国女歌手,7002
J.Fla,805090,韩国女歌手,7002
ROSÉ,12062255,韩国女歌手,7002
그래쓰,33851835,韩国女歌手,7002
泫雅,126066,韩国女歌手,7002
Ashley Alisha,27856257,韩国女歌手,7002
JENNIE,12061232,韩国女歌手,7002
BIBI,12457112,韩国女歌手,7002
太妍,125506,韩国女歌手,7002
朴春,125829,韩国女歌手,7002
李遐怡,181009,韩国女歌手,7002
LISA,12062254,韩国女歌手,7002
宣美,818678,韩国女歌手,7002
Kelsey Kuan,13222220,韩国女歌手,7002
金喜善,203245,韩国女歌手,7002
CL,768159,韩国女歌手,7002
Seori,33007310,韩国女歌手,7002
Sandara Park,125908,韩国女歌手,7002
李妍智,125549,韩国女歌手,7002
BoA,125237,韩国女歌手,7002
Jessi,1050232,韩国女歌手,7002
Ailee,125175,韩国女歌手,7002
JAMIE,827360,韩国女歌手,7002
田小娟,12073588,韩国女歌手,7002
拜洋BaekHak,30790332,韩国女歌手,7002
尹美莱,126011,韩国女歌手,7002
NS允智,125783,韩国女歌手,7002
郑仁,126191,韩国女歌手,7002
李秀贤,1032036,韩国女歌手,7002
DIA,125296,韩国女歌手,7002
阿扣叩叩,34540447,韩国女歌手,7002
金请夏,12096061,韩国女歌手,7002
林诗瑶,48196213,韩国女歌手,7002
Sara,125909,韩国女歌手,7002
敏雅,493780,韩国女歌手,7002
白智英,125216,韩国女歌手,7002
MINNIE,15248079,韩国女歌手,7002
李泳知,31710222,韩国女歌手,7002
Blue.D,28085394,韩国女歌手,7002
Hari,125416,韩国女歌手,7002
rosy,12289114,韩国女歌手,7002
Elaine,1015123,韩国女歌手,7002
俞宙,1058141,韩国女歌手,7002
李宝蓝,125686,韩国女歌手,7002
Raon Lee,12262293,韩国女歌手,7002
Leebada,1075093,韩国女歌手,7002
金润雅,125473,韩国女歌手,7002
MIWOO,1097005,韩国女歌手,7002
SOLE,12810027,韩国女歌手,7002
曺薇娟,15249075,韩国女歌手,7002
泰仁,126019,韩国女歌手,7002
李娜来,34500415,韩国女歌手,7002
Morrie,125762,韩国女歌手,7002
刘逸云 Amber Liu,1011016,韩国女歌手,7002
YOUHA,36558649,韩国女歌手,7002
Sugarhate,12090010,韩国女歌手,7002
李孝利,125615,韩国女歌手,7002
Jessica,125527,韩国女歌手,7002
Lillo,963067,韩国女歌手,7002
Nathania,29082369,韩国女歌手,7002
Punch,1043105,韩国女歌手,7002
Harms,13321230,韩国女歌手,7002
gani,34300104,韩国女歌手,7002
华莎,1050391,韩国女歌手,7002
YooA,28083424,韩国女歌手,7002
孝琳,818694,韩国女歌手,7002
李仙姬,125623,韩国女歌手,7002
Suyo,51265703,韩国女歌手,7002
Jinsil,1025248,韩国女歌手,7002
JISOO,12061233,韩国女歌手,7002
李贞贤,125616,韩国女歌手,7002
Suran,1081589,韩国女歌手,7002
郑恩地,174005,韩国女歌手,7002
智妍,896243,韩国女歌手,7002
Monna,31091284,韩国女歌手,7002
=.=,51396130,韩国女歌手,7002
SURA,33112847,韩国女歌手,7002
수연이,31978594,韩国女歌手,7002
Younha,126101,韩国女歌手,7002
Tiffany Young,126009,韩国女歌手,7002
Rachel Lim,12544217,韩国女歌手,7002
Stella Jang,1054076,韩国女歌手,7002
洪真英,125394,韩国女歌手,7002
CAMO,34529475,韩国女歌手,7002
Rei,50661789,韩国女歌手,7002
WENDY,896665,韩国女歌手,7002
BLAST,32974140,韩国女歌手,7002
Choco And Vanilla,12108460,韩国女歌手,7002
赵贤雅,718007,韩国女歌手,7002
Liz,50662277,韩国女歌手,7002
YENA (崔叡娜),48583103,韩国女歌手,7002
Bom町,33612582,韩国女歌手,7002
Hello Gayoung,905373,韩国女歌手,7002
申留真,46353839,韩国女歌手,7002
许允真,52181192,韩国女歌手,7002
수잔,12388045,韩国女歌手,7002
모트,12902407,韩国女歌手,7002
白艺潾,1050333,韩国女歌手,7002
Gummy,125351,韩国女歌手,7002
玟星,1161130,韩国女歌手,7002
(G)I-DLE,14055085,韩国组合/乐队,7003
BLACKPINK,12068017,韩国组合/乐队,7003
BIGBANG,126339,韩国组合/乐队,7003
EXO,759509,韩国组合/乐队,7003
BTS (防弹少年团),783124,韩国组合/乐队,7003
aespa,37351063,韩国组合/乐队,7003
少女时代,126793,韩国组合/乐队,7003
Harryan Yoonsoan,35775530,韩国组合/乐队,7003
Red Velvet,976157,韩国组合/乐队,7003
4MINUTE,128176,韩国组合/乐队,7003
Trouble Maker,161330,韩国组合/乐队,7003
AKMU,758041,韩国组合/乐队,7003
iKON,1011143,韩国组合/乐队,7003
T-ara,127815,韩国组合/乐队,7003
WINNER,976163,韩国组合/乐队,7003
NCT DREAM,12107352,韩国组合/乐队,7003
SEVENTEEN,1080132,韩国组合/乐队,7003
EXID,126721,韩国组合/乐队,7003
PENTAGON,12041119,韩国组合/乐队,7003
TWICE,1161043,韩国组合/乐队,7003
TOMORROW X TOGETHER,31154262,韩国组合/乐队,7003
Dungeon and Fighter,31464841,韩国组合/乐队,7003
CLC,1053145,韩国组合/乐队,7003
OH MY GIRL,1055016,韩国组合/乐队,7003
2NE1,128177,韩国组合/乐队,7003
Brave Girls,126345,韩国组合/乐队,7003
BTOB,126454,韩国组合/乐队,7003
SUPER JUNIOR,127587,韩国组合/乐队,7003
ITZY,31155319,韩国组合/乐队,7003
f(x),127043,韩国组合/乐队,7003
黑裙子,127838,韩国组合/乐队,7003
Mamamoo,868006,韩国组合/乐队,7003
Beast,126377,韩国组合/乐队,7003
Epik High,126682,韩国组合/乐队,7003
NCT 127,12073222,韩国组合/乐队,7003
TAIBIAN,830062,韩国组合/乐队,7003
Leessang,127089,韩国组合/乐队,7003
脸红的思春期,1039524,韩国组合/乐队,7003
brb.,30382456,韩国组合/乐队,7003
Neso Records,12649666,韩国组合/乐队,7003
EXO-K,126722,韩国组合/乐队,7003
Pinkfong,30140937,韩国组合/乐队,7003
EVERGLOW,31155429,韩国组合/乐队,7003
Stray Kids,12647860,韩国组合/乐队,7003
TREASURE,31156387,韩国组合/乐队,7003
野菊花,128245,韩国组合/乐队,7003
10cm,128195,韩国组合/乐队,7003
리쌍 LeeSSang,35186985,韩国组合/乐队,7003
N.Flying,886043,韩国组合/乐队,7003
MONSTA X,1070068,韩国组合/乐队,7003
IVE,50377945,韩国组合/乐队,7003
DREAMCATCHER,12262562,韩国组合/乐队,7003
GD X TAEYANG,1032279,韩国组合/乐队,7003
StudioEIM,11978034,韩国组合/乐队,7003
SHINee,127582,韩国组合/乐队,7003
AOA,126312,韩国组合/乐队,7003
레게 강 같은 평화 (RGP),159554,韩国组合/乐队,7003
EXO-CBX,12155133,韩国组合/乐队,7003
GD&TOP,126841,韩国组合/乐队,7003
ADOY,15259115,韩国组合/乐队,7003
NCT U,12024527,韩国组合/乐队,7003
굿나잇스탠드,1192052,韩国组合/乐队,7003
발라드 공장,12776147,韩国组合/乐队,7003
Wonder Girls,128048,韩国组合/乐队,7003
Apink,126277,韩国组合/乐队,7003
东方神起,126614,韩国组合/乐队,7003
Brown Eyed Girls,126327,韩国组合/乐队,7003
ATEEZ,30107626,韩国组合/乐队,7003
CNBLUE,126524,韩国组合/乐队,7003
MYNAME,127249,韩国组合/乐队,7003
骑自行车的风景,127488,韩国组合/乐队,7003
七公主,127485,韩国组合/乐队,7003
GOT7,881021,韩国组合/乐队,7003
DAViCHi,126592,韩国组合/乐队,7003
DIA,1144034,韩国组合/乐队,7003
Rocoberry,916094,韩国组合/乐队,7003
Triple H,12369104,韩国组合/乐队,7003
Sistar19,127709,韩国组合/乐队,7003
BLINK,36343478,韩国组合/乐队,7003
B1A4,126409,韩国组合/乐队,7003
Jayesslee,127012,韩国组合/乐队,7003
JERIDE,48760642,韩国组合/乐队,7003
High4,905037,韩国组合/乐队,7003
Crayon Pop,126581,韩国组合/乐队,7003
Standing Egg,127686,韩国组合/乐队,7003
动物园,126606,韩国组合/乐队,7003
Stellar,127714,韩国组合/乐队,7003
本月少女,12219101,韩国组合/乐队,7003
SuperM,33386690,韩国组合/乐队,7003
屋顶月光,128040,韩国组合/乐队,7003
Namolla Family,166038,韩国组合/乐队,7003
ZY,12155122,韩国组合/乐队,7003
As One,126243,韩国组合/乐队,7003
LONG:D,1075115,韩国组合/乐队,7003
2PM,128182,韩国组合/乐队,7003
Moxie,12046881,韩国组合/乐队,7003
KEP1ER,50270459,韩国组合/乐队,7003
발라드 녀석들,29683721,韩国组合/乐队,7003
LE SSERAFIM,52181107,韩国组合/乐队,7003
hyukoh,1054167,韩国组合/乐队,7003
α·Pav,4716,其他男歌手,4001
猹,49878592,其他男歌手,4001
Anwar-Maglik,34171308,其他男歌手,4001
Nazar Obul,13154025,其他男歌手,4001
96-Music,36565122,其他男歌手,4001
Uzmir,29999887,其他男歌手,4001
Bilal Enwer,1039011,其他男歌手,4001
河南说唱之神,15194340,其他男歌手,4001
Tăng Duy Tân,34452701,其他男歌手,4001
Miradiljan-Bawudun,13450978,其他男歌手,4001
Namunong,12127409,其他男歌手,4001
Billkin,32424549,其他男歌手,4001
Furyl,29597116,其他男歌手,4001
Hoji Matkurban,33069183,其他男歌手,4001
Rocky-Sadirdin,12118620,其他男歌手,4001
GRABOTE,30476593,其他男歌手,4001
Mutallip Ahat,35132424,其他男歌手,4001
мавлан музыка,12606574,其他男歌手,4001
B Ray,31678019,其他男歌手,4001
Hoaprox,1177234,其他男歌手,4001
Masew,29205329,其他男歌手,4001
Mattohti Sattar,34522348,其他男歌手,4001
PP Krit,37473467,其他男歌手,4001
PonySoore,1053121,其他男歌手,4001
Askar Muhtar,33859953,其他男歌手,4001
Masque_Jupiter,12336331,其他男歌手,4001
Tamas Wells,44262,其他男歌手,4001
VodKe,33203621,其他男歌手,4001
Maga,35945280,其他男歌手,4001
Taxmamat-Batur,33752067,其他男歌手,4001
海瓦斯Hawvas,30000828,其他男歌手,4001
Lopu$,12027465,其他男歌手,4001
Armağan Oruç,31610902,其他男歌手,4001
昙轩,13148274,其他男歌手,4001
哦呼w,36022336,其他男歌手,4001
明洋,30381505,其他男歌手,4001
Jaloliddin Ahmadaliyev,49107380,其他男歌手,4001
Mr.mo,12092465,其他男歌手,4001
Zulpikar-Mamtimin,34289682,其他男歌手,4001
NuNew,50683925,其他男歌手,4001
Killer,34470621,其他男歌手,4001
Shohxur,12171067,其他男歌手,4001
7SixTeen,34374018,其他男歌手,4001
Sanubar Tursun,13192142,其他男歌手,4001
Duman,46471171,其他男歌手,4001
Farrux Xamrayev,12282707,其他男歌手,4001
四季音色,12028059,其他男歌手,4001
Arijit Singh,956454,其他男歌手,4001
Xakir Rehimjan,34147024,其他男歌手,4001
MEYOU,13644125,其他男歌手,4001
Anurag Kulkarni,13505435,其他男歌手,4001
aEZi,12227540,其他男歌手,4001
艾尔肯-Erkin Abdulla,12226106,其他男歌手,4001
Jeff Satur,36178945,其他男歌手,4001
remix,12316095,其他男歌手,4001
2RAR,33490936,其他男歌手,4001
XIJAATXERZAT,12077089,其他男歌手,4001
宋晓,32912344,其他男歌手,4001
Ilhan Ihsanov,36885557,其他男歌手,4001
TangTian,33989687,其他男歌手,4001
Mewlan Memtimin 买吾兰,12037170,其他男歌手,4001
Mamattursun Kurban,34519287,其他男歌手,4001
AgNo3,12479169,其他男歌手,4001
Dilyar official,36124239,其他男歌手,4001
Osmanjan Ayup,34310772,其他男歌手,4001
YUKIri,12216068,其他男歌手,4001
Classic~Music,35244277,其他男歌手,4001
KAIZ,15284598,其他男歌手,4001
Uzller,34096469,其他男歌手,4001
罗布桑珠,12570941,其他男歌手,4001
Ablikim·Enwar,12226931,其他男歌手,4001
İsmail YK,1049007,其他男歌手,4001
Phong Max,34689592,其他男歌手,4001
Sarvar,12095021,其他男歌手,4001
Anti-General,1007061,其他男歌手,4001
Hoxur-Kari,34291291,其他男歌手,4001
DBRT,12563403,其他男歌手,4001
小7,53242680,其他男歌手,4001
鲸鱼马戏团,1026039,其他男歌手,4001
DJ- TUMARIS886,33400696,其他男歌手,4001
Adiljan Mamitimin,12083816,其他男歌手,4001
P-Kid,12003011,其他男歌手,4001
Shelhiel,30104835,其他男歌手,4001
Kaysarofficial,36523755,其他男歌手,4001
Udit Narayan,83474,其他男歌手,4001
1FAN,31001527,其他男歌手,4001
dope,33166362,其他男歌手,4001
Phúc Du,34924016,其他男歌手,4001
King Kudo,35907617,其他男歌手,4001
Xomu,12903205,其他男歌手,4001
赵弘发,37561006,其他男歌手,4001
Win Metawin,37682685,其他男歌手,4001
EA7_Zcq,36337691,其他男歌手,4001
Bright Vachirawit,34606113,其他男歌手,4001
Xamdam Sobirov,12930140,其他男歌手,4001
JIPSA,13609748,其他男歌手,4001
Little End,12611210,其他男歌手,4001
Mamatali-Molla,31315411,其他男歌手,4001
Djxuxan roze,35183867,其他男歌手,4001
SimorE,1203059,其他男歌手,4001
茜拉,275494,其他女歌手,4002
Hoang Thuy Linh,1049217,其他女歌手,4002
一页言,32125740,其他女歌手,4002
Krista Marina,27743268,其他女歌手,4002
Han Sara,12845667,其他女歌手,4002
Shirfine,189603,其他女歌手,4002
Pazliya Amat,34208324,其他女歌手,4002
Guzalnur-Kasim,34402942,其他女歌手,4002
sarah salola,52342288,其他女歌手,4002
DoubleBam,305480,其他女歌手,4002
Shafaet Osman,12851125,其他女歌手,4002
Isyana Sarasvati,1177004,其他女歌手,4002
elena,14072127,其他女歌手,4002
萌妹,12967419,其他女歌手,4002
Pháo,14839429,其他女歌手,4002
Kelly凯丽,33927385,其他女歌手,4002
Rayhon,74436,其他女歌手,4002
noli,49320278,其他女歌手,4002
GulgineMollaemet,12194330,其他女歌手,4002
Ten Nararak,106600,其他女歌手,4002
Yuna,106626,其他女歌手,4002
Sevinch Mo'minova,12200929,其他女歌手,4002
Sainkho Namtchylak,106570,其他女歌手,4002
Shreya Ghoshal,78026,其他女歌手,4002
小朴的派大星,48675891,其他女歌手,4002
Feride Hilal Akın,12311557,其他女歌手,4002
Aliya-上海,36456301,其他女歌手,4002
Rainych,34792117,其他女歌手,4002
Alka Yagnik,106399,其他女歌手,4002
Numcha,33792055,其他女歌手,4002
RuDi,47823487,其他女歌手,4002
Lata Mangeshkar,106489,其他女歌手,4002
南有乔木,12662666,其他女歌手,4002
A_YNR96,49967447,其他女歌手,4002
Fargana-Alim,34054319,其他女歌手,4002
Rana Rozi,34468303,其他女歌手,4002
Halida Imam,33999211,其他女歌手,4002
Ebony,52438549,其他女歌手,4002
Kurbannisa-Barat,30382011,其他女歌手,4002
Zohra offical,36706877,其他女歌手,4002
蜡笔没了小新,34537273,其他女歌手,4002
MILLI,297458,其他女歌手,4002
United Idol,35839534,其他女歌手,4002
Quwer,36398994,其他女歌手,4002
TsringYangGe央,35247231,其他女歌手,4002
DAKOOKA,12812439,其他女歌手,4002
Tata Young,18167,其他女歌手,4002
Blue autumn,48813384,其他女歌手,4002
Veronica,106614,其他女歌手,4002
zulhumar zeper,30796397,其他女歌手,4002
Sunidhi Chauhan,130008,其他女歌手,4002
Funda Arar,131962,其他女歌手,4002
Dilsoz,12935099,其他女歌手,4002
LokLok Piano,34248280,其他女歌手,4002
Nurnisa Abbas,34600730,其他女歌手,4002
张承惠,47911839,其他女歌手,4002
XIANG,12147390,其他女歌手,4002
长岛十四_,36707603,其他女歌手,4002
王书怡,28292080,其他女歌手,4002
DU丢丢丢,12281458,其他女歌手,4002
Bích Phương,13258901,其他女歌手,4002
Ink Waruntorn,1192555,其他女歌手,4002
麦克斯的头孢丙烯片,34202302,其他女歌手,4002
Lola,1193539,其他女歌手,4002
苏畅,13838555,其他女歌手,4002
Irmak Arıcı,31724802,其他女歌手,4002
徐AXu,34235815,其他女歌手,4002
彦宁不吃萝卜,47351598,其他女歌手,4002
Rumi4967,53623775,其他女歌手,4002
Violette Wautier,1058164,其他女歌手,4002
Suni Ha Linh,12845571,其他女歌手,4002
Zulhayat ismayil,35790089,其他女歌手,4002
Addiction冷,33936905,其他女歌手,4002
PEARWAH,29811710,其他女歌手,4002
Ozoda Nursaidova,12974158,其他女歌手,4002
Server Shevket 赛丽娃尔,32672347,其他女歌手,4002
Nuzur Zeli,12091148,其他女歌手,4002
Lea,29787670,其他女歌手,4002
He河桶ara,51294927,其他女歌手,4002
Dilara Abduxukur,34093464,其他女歌手,4002
Meghna Mishra,12902072,其他女歌手,4002
Yvon,12286524,其他女歌手,4002
汪川,12272944,其他女歌手,4002
水玥兒,12255040,其他女歌手,4002
Nan Vatiya,11971047,其他女歌手,4002
古茗,34197715,其他女歌手,4002
LizzI,12205751,其他女歌手,4002
Truong Quynh Anh,106601,其他女歌手,4002
Kavita Krishnamurthy,63675,其他女歌手,4002
周毛嘉,12032325,其他女歌手,4002
Öxacillis,34601855,其他女歌手,4002
Baturjan Gittar,12332137,其他女歌手,4002
仁增卓玛,48821420,其他女歌手,4002
Carmen卡萌酱,32833962,其他女歌手,4002
Noni,34450092,其他女歌手,4002
琼英·卓玛,975786,其他女歌手,4002
Palak Muchhal,954075,其他女歌手,4002
ammanman,30905311,其他女歌手,4002
Gulsanam Mamazoitova,12974012,其他女歌手,4002
逗子,12183661,其他女歌手,4002
HYBS,49713779,其他组合/乐队,4003
九宝乐队,106805,其他组合/乐队,4003
Ummon,12205838,其他组合/乐队,4003
Benom guruhi,12505929,其他组合/乐队,4003
babychair,37092139,其他组合/乐队,4003
Slot Machine,868124,其他组合/乐队,4003
Cheetah Mobile Games,12276318,其他组合/乐队,4003
oBu_Official,36614378,其他组合/乐队,4003
Hilola Samirazar,35784631,其他组合/乐队,4003
Candy,35873634,其他组合/乐队,4003
The Hu,30615613,其他组合/乐队,4003
Elhar-Exclusive,34965756,其他组合/乐队,4003
Tugmanqi吐戈曼齐,48569076,其他组合/乐队,4003
僵尸King,34533773,其他组合/乐队,4003
抛,12051100,其他组合/乐队,4003
Nur_Exclusive,33697148,其他组合/乐队,4003
Piano Hub,32681286,其他组合/乐队,4003
Mango Guruhi,29999934,其他组合/乐队,4003
HAKAN,12955345,其他组合/乐队,4003
Yillar guruhi,12935103,其他组合/乐队,4003
Kelkvn,12568487,其他组合/乐队,4003
4EVE,35795732,其他组合/乐队,4003
Tilly Birds,12709897,其他组合/乐队,4003
Hurd,106780,其他组合/乐队,4003
Ирина Кайратовна,28497662,其他组合/乐队,4003
阿先生,36519618,其他组合/乐队,4003
ZebraZebra,13683852,其他组合/乐队,4003
Getsunova,905156,其他组合/乐队,4003
Jatin-Lalit,106801,其他组合/乐队,4003
Chillies,30975347,其他组合/乐队,4003
Amanecer Ecuador,106647,其他组合/乐队,4003
4oot,12259787,其他组合/乐队,4003
ORDA,12000034,其他组合/乐队,4003
Dervishi,106727,其他组合/乐队,4003
eigenTunes亦听,1207047,其他组合/乐队,4003
XJ WAYWAY,35514836,其他组合/乐队,4003
Off-Gun,31814508,其他组合/乐队,4003
Lipta,904054,其他组合/乐队,4003
夜の律,13537449,其他组合/乐队,4003
SIZZY,36297758,其他组合/乐队,4003
Scrubb,203857,其他组合/乐队,4003
黑泽诺亚NOIR,51731422,其他组合/乐队,4003
HKT,408944,其他组合/乐队,4003
Do Shit,12139012,其他组合/乐队,4003
Three Man Down,12838890,其他组合/乐队,4003
MEAN,12387031,其他组合/乐队,4003
Carla,12271611,其他组合/乐队,4003
R,48640080,其他组合/乐队,4003
TATAR,106929,其他组合/乐队,4003
Bill & Brod,13021939,其他组合/乐队,4003
The Wasabies,31079371,其他组合/乐队,4003
2088Official,31434921,其他组合/乐队,4003
小-上海,36566294,其他组合/乐队,4003
灯欣爱乐艺术中心· WPX,12761436,其他组合/乐队,4003
Klear,95427,其他组合/乐队,4003
Мельница,818191,其他组合/乐队,4003
Nadeem & Shravan,452098,其他组合/乐队,4003
AltaiKAI,106630,其他组合/乐队,4003
陈讨厌_,53646138,其他组合/乐队,4003
Gym and Swim,956172,其他组合/乐队,4003
Cocktail,1146056,其他组合/乐队,4003
晴海,33101551,其他组合/乐队,4003
林如韵,12600335,其他组合/乐队,4003
都兰乐队,33835047,其他组合/乐队,4003
AMTwo,12642917,其他组合/乐队,4003
Yiltiz,1064094,其他组合/乐队,4003
Haranga,94160,其他组合/乐队,4003
Potato,72492,其他组合/乐队,4003
inblood,34786631,其他组合/乐队,4003
Inspirative,106790,其他组合/乐队,4003
РУССКИЙ ТАНЦПОЛ,53589918,其他组合/乐队,4003
TRINITY,46341089,其他组合/乐队,4003
Wiener Sängerknaben,12237434,其他组合/乐队,4003
Huun-Huur-Tu,106782,其他组合/乐队,4003
Matthiola Records,12344372,其他组合/乐队,4003
Sajid-Wajid,957150,其他组合/乐队,4003
Sheet Music Boss,34940501,其他组合/乐队,4003
PiXXiE,46819454,其他组合/乐队,4003
NIJISANJI ID,47947936,其他组合/乐队,4003
普天堡电子乐团,32124859,其他组合/乐队,4003
Loso,12975122,其他组合/乐队,4003
Khusugtun,1028050,其他组合/乐队,4003
刘翼诚,33114988,其他组合/乐队,4003
Madhouse,33998687,其他组合/乐队,4003
地址不明声音实验室,30955161,其他组合/乐队,4003
North Korean Archives,36842317,其他组合/乐队,4003
Dj Rag jan,36342393,其他组合/乐队,4003
Sleepmakeswaves,100022,其他组合/乐队,4003
菩提集团,12194760,其他组合/乐队,4003
Budokan,106688,其他组合/乐队,4003
Liberation乐队,13037523,其他组合/乐队,4003
PLAN3ET AUDIO叁星社,36513047,其他组合/乐队,4003
New & Jiew,106863,其他组合/乐队,4003
Crystal Lake,1161044,其他组合/乐队,4003
25hours,106998,其他组合/乐队,4003
Egschiglen,91736,其他组合/乐队,4003
Altai Kai,31414630,其他组合/乐队,4003
Bodyslam,88356,其他组合/乐队,4003
四千金,200429,其他组合/乐队,4003
TEMPT,12202425,其他组合/乐队,4003
